Number of cycles,Semicycle,Time Stamp,1,2,3,4,5,6,7
1,1,1563438046180785300,1.206917517e+000,  1.179431620e+000,  1.170099500e+000,  1.174496459e+000,  1.150383455e+000,  3.014574294e+001,  2.537138077e+001,  5.505216248e-001,  5.387246080e-001
1,0,1563438074240824600,  5.413176121e-001,  5.367429542e-001,  5.375995248e-001,  2.891358983e+001,  2.523977868e+001
