Number of cycles,Semicycle,Time Stamp,1,2,3,4,5,6,7
1,1,1563448722216078600,1.224548844e+000,  1.199289288e+000,  1.188859745e+000,  1.193859262e+000,  1.166002657e+000,  2.354257386e+001,  2.366767723e+001
1,0,1563448750216117800,  5.705165729e-001,  5.601014196e-001,  5.617339478e-001,  5.584348694e-001,  5.552987036e-001,  2.356288793e+001,  2.372155021e+001
2,1,1563448767237141700,1.224262657e+000,  1.199013833e+000,  1.188576309e+000,  1.193612073e+000,  1.165739768e+000,  2.368666515e+001,  2.374872805e+001
2,0,1563448795247180900,  5.701230086e-001,  5.597024871e-001,  5.613597472e-001,  5.579804545e-001,  5.549209679e-001,  2.362682495e+001,  2.377168054e+001
